<?xml version="1.0" encoding="UTF-8" standalone="yes"?>
<addon id="plugin.video.vectra.tvonline" name="Vectra TV Online" version="0.1.0" provider-name="Vectra TV Online">
	<requires>
		<import addon="xbmc.python" version="2.1.0" optional="true"/>
		<import addon="script.module.requests" version="2.4.3"/>
		<import addon="script.module.beautifulsoup" version="3.2.1"/>
	</requires>
	<extension point="xbmc.python.pluginsource" library="main.py">
		<provides>video</provides>
	</extension>
	<extension point="xbmc.addon.metadata">
		<summary>Vectra TV Online - Cable television</summary>
		<summary lang="pl">Vectra TV Online - Telewizja kablowa</summary>
		<description>Watch TV channels avaiable on http://tvonline.vectra.pl</description>
		<description lang="pl">Odtwarzaj kanały telewizyjne dostępne na http://tvonline.vectra.pl</description>
		<disclaimer>Avaiable only for Vectra TV cable subscribers!</disclaimer>
		<disclaimer lang="pl">Dostępne tylko dla abonentów sieci Vectra!</disclaimer>
		<platform>all</platform>
		<language>en pl</language>
		<license>COMMON PUBLIC LICENSE (CPL) VERSION 1.0, 16 Apr 2009</license>
		<website>http://tvonline.vectra.pl</website>
	</extension>
</addon>